company_id,company_name,year,sales,operating_profit,net_profit,equity_capital,reserves,borrowings,total_assets,other_income,interest,operating_activity,investing_activity
1,TCS,2020,6756,1460.4,1135.04,1808,29304,12613,48231,942.91,237.68,2307.19,-7203.6
1,TCS,2021,13851,1915.02,1875.59,4234,21240,3484,33560,277.31,410.96,8798.15,-888.88
1,TCS,2022,43282,11475.04,6996.32,4196,14140,2712,39066,899.77,81.19,6561.23,-5030.18
1,TCS,2023,47667,9316.9,8373.88,1060,27416,0,40394,124.39,359.13,2157.57,-3974.07
1,TCS,2024,36208,6796.85,3498.53,3278,14477,3434,23081,640.98,454.56,6176.98,-5680.81
2,Infosys,2020,24658,5455.59,2464.11,3186,17601,2006,42828,692.3,212.12,1699.81,-2834.96
2,Infosys,2021,38489,5835.73,5096.8,704,24297,3947,32354,105.68,102.46,7414.55,-897.37
2,Infosys,2022,43943,5524.36,4986.92,4010,29106,645,35330,681.47,230.27,652.27,-6149.67
2,Infosys,2023,44517,5886.41,9089.31,3344,15167,0,42708,910.89,428.0,7460.57,-5807.11
2,Infosys,2024,44006,8481.08,5385.72,4372,10399,0,17813,485.0,480.43,9824.04,-6081.51
3,Reliance Industries,2020,21666,4260.96,3711.25,2207,6488,10556,33425,775.32,225.35,9218.99,-6235.26
3,Reliance Industries,2021,41579,10921.06,7921.12,4261,10281,1335,28607,914.65,160.63,4907.53,-4434.2
3,Reliance Industries,2022,45533,5541.46,6144.0,4417,29735,10047,48375,611.78,56.84,3458.79,-3194.36
3,Reliance Industries,2023,21625,4915.39,3796.82,507,14997,0,24074,532.41,383.55,7040.27,-399.31
3,Reliance Industries,2024,18429,3644.61,3053.39,4387,2368,3347,13154,708.24,315.77,6956.82,-6509.34
4,HDFC Bank,2020,29226,3599.69,2501.87,2535,10217,10827,36975,284.64,0.0,9338.22,-6743.31
4,HDFC Bank,2021,31306,7583.89,4110.3,691,24444,12699,48457,60.26,0.0,4746.44,-197.76
4,HDFC Bank,2022,46177,13620.41,5418.04,2122,21989,5461,37997,432.14,0.0,1129.65,-508.9
4,HDFC Bank,2023,10474,2115.91,1414.24,4029,27151,10298,47445,761.94,0.0,3582.44,-6627.98
4,HDFC Bank,2024,20189,5258.37,4318.2,1275,21506,14199,43290,186.93,0.0,1517.0,-4904.09
5,ICICI Bank,2020,45949,9305.17,9335.13,2810,23847,2826,41719,532.77,0.0,4871.72,-1158.02
5,ICICI Bank,2021,5308,1075.11,450.7,1388,26649,4570,34682,622.68,0.0,10315.54,-1751.72
5,ICICI Bank,2022,35152,4378.44,3962.83,3557,4000,7365,20041,105.38,0.0,2926.56,-4038.84
5,ICICI Bank,2023,13054,3372.64,2328.92,658,5647,13604,31385,847.68,0.0,5715.15,-1393.02
5,ICICI Bank,2024,31018,6979.72,6264.47,3007,15152,0,42082,743.1,0.0,11753.94,-435.51
6,Larsen & Toubro,2020,17380,2660.72,2582.42,1315,4108,2719,30343,493.41,365.45,8004.39,-7101.17
6,Larsen & Toubro,2021,25507,4743.83,4874.86,1761,19516,0,32400,604.45,312.31,7641.13,-5462.12
6,Larsen & Toubro,2022,43932,7698.14,6826.66,1841,20310,5870,38729,793.86,174.87,7130.86,-367.09
6,Larsen & Toubro,2023,45850,11218.05,6984.58,2134,28386,14399,49008,278.64,276.87,9388.13,-7243.91
6,Larsen & Toubro,2024,47316,11518.25,8732.13,2414,8687,3106,16309,633.42,63.84,8158.53,-4499.79
7,ITC,2020,33781,8204.64,4977.12,4262,22155,13735,54874,954.52,212.56,906.06,-7012.72
7,ITC,2021,25873,4525.1,5264.79,3115,8737,7294,21662,333.23,403.25,7136.71,-7751.22
7,ITC,2022,19683,4051.96,3403.67,1263,10398,4460,34199,220.46,146.09,9079.32,-160.54
7,ITC,2023,22403,4257.41,3577.9,2333,18272,4216,39569,747.28,67.71,10817.0,-7901.86
7,ITC,2024,13190,2991.92,2403.6,2947,10011,8060,30727,239.0,477.04,1389.01,-1864.8
8,Bharti Airtel,2020,6225,1610.65,833.49,4428,2734,6526,20606,196.53,65.53,6126.94,-6252.47
8,Bharti Airtel,2021,24203,6879.61,4263.78,4006,23790,4356,44279,94.75,104.11,2223.22,-7357.04
8,Bharti Airtel,2022,27850,4634.55,5056.89,3508,16724,11751,43746,766.35,484.57,8747.27,-7702.64
8,Bharti Airtel,2023,37937,9382.26,5539.2,2232,19488,0,28614,734.62,104.39,5684.43,-3728.3
8,Bharti Airtel,2024,35515,5564.02,3046.8,4351,19968,13757,57158,936.59,343.85,9045.14,-6040.86
9,Axis Bank,2020,46012,5600.58,4400.33,2832,21015,10864,46758,125.56,0.0,4846.66,-2603.24
9,Axis Bank,2021,17610,4899.84,2459.85,2044,14277,14905,54438,923.41,0.0,10719.0,-4921.56
9,Axis Bank,2022,6519,902.82,912.53,4651,4848,0,12728,101.52,0.0,2311.56,-1558.22
9,Axis Bank,2023,23929,3823.46,1938.5,4174,28787,2297,37540,313.17,0.0,7655.79,-5381.57
9,Axis Bank,2024,20903,4477.91,4510.19,3067,29835,1815,48104,922.43,0.0,9292.35,-7888.6
10,Wipro,2020,49721,7130.27,5213.2,1212,6219,7374,21116,396.72,313.68,9522.75,-4355.53
10,Wipro,2021,23207,3972.63,4306.03,1992,20305,6163,30892,728.44,261.36,1089.29,-3517.62
10,Wipro,2022,10345,2843.73,1925.67,3711,27682,11691,55781,300.62,333.55,11408.59,-7361.33
10,Wipro,2023,12731,1857.02,2475.15,4759,18747,8092,40562,512.54,493.01,7891.95,-2892.86
10,Wipro,2024,43716,6245.24,8502.7,4639,26847,14918,67723,420.92,259.54,548.08,-3050.53
